"ID","Agreeable","Conscientious","Extroversion","Openness","Neuroticism","A1","A2","A3","A4","A5","C1","C2","C3","C4","C5","E1","E2","E3","E4","E5","N1","N2","N3","N4","N5","O1","O2","O3","O4","O5","gender","age"
66926,4.8,4.2,4.2,4.8,4.2,1,5,6,6,6,5,5,5,1,5,2,4,6,5,4,4,5,4,3,5,6,4,5,6,3,"Females",24
66788,5.4,5.0,3.8,4.0,5.8,5,6,5,6,5,5,6,6,2,6,2,1,5,5,6,5,6,6,6,6,6,2,4,6,2,"Females",20
63726,4.2,4.4,3.2,3.0,1.8,2,3,5,6,5,5,5,5,2,5,5,2,4,3,2,2,1,4,1,1,4,1,6,2,2,"Males",25
61990,3.6,4.0,3.8,4.4,3.4,3,4,4,3,4,3,3,5,3,6,2,5,5,3,4,5,4,2,2,4,5,4,4,4,5,"Females",27
65070,4.6,4.0,3.8,3.6,4.0,2,5,6,5,5,4,4,6,2,4,3,6,3,2,5,5,6,3,4,2,4,1,5,6,2,"Females",37
67156,2.4,4.6,2.4,3.0,3.4,1,2,3,5,1,5,6,5,4,3,2,1,1,4,4,4,3,4,5,1,4,2,4,1,4,"Males",12
64508,4.0,4.6,3.4,3.6,3.8,3,4,3,5,5,5,5,4,4,5,4,2,4,4,3,4,4,4,3,4,3,2,5,5,3,"Males",56
64724,4.4,3.0,2.2,4.2,2.8,3,6,6,4,3,1,6,6,1,1,1,1,5,3,1,1,6,2,2,3,5,4,6,4,2,"Females",29
63452,4.6,3.6,3.4,3.2,3.2,1,6,6,5,5,6,5,4,1,2,2,1,5,5,4,3,3,3,3,4,4,1,6,4,1,"Females",34
63242,4.4,3.4,2.8,3.0,1.4,2,5,5,5,5,4,4,5,2,2,3,2,2,5,2,1,1,2,2,1,2,4,2,4,3,"Females",32
63567,3.2,3.2,3.6,3.8,4.8,2,3,3,5,3,2,3,3,3,5,2,5,5,4,2,5,5,5,5,4,5,2,5,6,1,"Males",24
66434,3.8,3.8,3.6,3.8,2.0,2,2,5,5,5,5,5,5,2,2,2,2,5,5,4,2,2,2,2,2,4,4,4,4,3,"Males",18
66582,3.4,3.4,3.2,3.6,4.6,1,5,4,5,2,4,4,4,1,4,2,5,1,4,4,5,5,4,5,4,5,2,5,5,1,"Females",24
67124,4.2,2.8,3.4,4.0,1.0,1,4,6,4,6,1,3,1,4,5,1,1,5,6,4,1,1,1,1,1,6,1,6,6,1,"Females",36
64371,3.4,3.8,2.8,3.0,2.8,3,2,3,5,4,5,5,5,2,2,4,5,2,1,2,1,1,2,5,5,3,2,3,5,2,"Males",28
65262,4.4,4.0,3.6,4.4,4.4,1,5,5,5,6,5,5,3,3,4,2,1,5,5,5,5,6,5,3,3,4,5,5,5,3,"Females",34
65897,4.6,3.6,3.4,3.6,2.2,2,5,6,5,5,4,4,6,1,3,4,2,4,3,4,3,4,1,2,1,5,2,4,5,2,"Males",31
66277,4.4,3.8,3.8,3.8,3.8,2,5,4,6,5,5,5,5,2,2,2,2,5,5,5,2,3,5,5,4,5,2,6,5,1,"Females",20
67188,1.2,3.2,3.6,4.4,5.6,1,1,1,2,1,1,1,4,5,5,6,6,1,4,1,6,6,6,6,4,3,6,1,6,6,"Females",17
64939,5.2,3.2,4.6,4.6,4.2,4,5,6,5,6,3,2,2,3,6,6,4,4,5,4,5,4,5,5,2,4,6,1,6,6,"Males",23
61703,4.4,3.6,3.2,3.8,3.0,2,6,4,5,5,3,2,3,4,6,2,4,2,4,4,3,4,2,2,4,5,4,5,3,2,"Females",18
64627,3.4,4.0,3.6,3.2,3.4,2,4,3,4,4,5,5,6,1,3,3,4,4,4,3,2,5,4,2,4,5,2,4,3,2,"Females",26
64963,3.8,3.4,4.4,3.6,1.0,3,4,4,4,4,6,5,4,1,1,3,4,5,5,5,1,1,1,1,1,5,2,5,4,2,"Females",57
62179,4.2,5.0,4.0,5.6,4.4,5,5,5,1,5,6,5,2,6,6,4,4,6,3,3,5,4,4,5,4,6,6,6,6,4,"Males",20
62345,4.2,3.8,3.6,3.8,2.6,2,4,4,6,5,4,4,4,3,4,1,1,5,5,6,2,4,3,3,1,6,1,6,4,2,"Females",53
64235,4.4,3.6,3.6,3.4,2.8,2,5,5,6,4,3,2,4,5,4,2,3,4,5,4,2,2,2,5,3,6,3,4,2,2,"Females",26
64702,3.6,3.8,3.6,3.6,2.8,1,4,3,6,4,6,6,4,1,2,2,5,5,2,4,3,3,3,4,1,5,2,5,5,1,"Males",24
62574,4.2,3.2,3.4,4.0,2.0,2,5,4,4,6,4,3,3,2,4,3,2,4,5,3,1,1,2,4,2,3,4,5,5,3,"Females",29
65370,5.0,5.0,3.0,3.4,3.8,2,5,6,6,6,6,5,4,5,5,1,2,3,6,3,4,1,6,6,2,5,1,4,2,5,"Males",21
63707,4.2,3.2,3.8,3.6,2.6,1,5,6,5,4,3,4,2,3,4,5,5,4,2,3,1,2,2,5,3,5,2,4,5,2,"Males",22
63376,5.0,3.8,4.0,4.0,3.4,1,6,6,6,6,4,6,5,2,2,1,1,6,6,6,1,4,4,4,4,6,1,6,6,1,"Females",28
66576,4.4,4.4,3.8,4.0,5.4,1,6,5,5,5,3,4,6,4,5,1,5,4,5,4,5,5,5,6,6,5,4,4,5,2,"Males",27
61773,4.0,4.2,3.6,2.8,4.4,4,4,4,5,3,5,4,6,2,4,2,2,4,6,4,5,5,4,3,5,4,1,4,2,3,"Males",21
62681,4.6,3.2,3.6,3.6,3.0,1,5,6,6,5,5,4,4,1,2,1,4,4,4,5,4,4,4,2,1,2,6,4,5,1,"Females",18
66144,4.8,3.4,3.6,3.8,1.8,1,6,6,6,5,4,4,4,2,3,3,3,4,5,3,1,2,2,2,2,5,2,4,5,3,"Females",20
61716,4.6,2.8,3.4,3.2,4.8,1,6,6,6,4,4,3,1,4,2,2,2,5,4,4,6,6,6,3,3,3,1,4,6,2,"Females",24
62182,4.8,3.6,4.4,4.0,2.8,2,6,5,6,5,6,5,5,1,1,5,1,5,5,6,5,4,2,2,1,6,1,5,6,2,"Males",27
66299,4.8,3.8,3.6,4.0,2.4,1,6,5,6,6,4,3,4,3,5,2,4,4,5,3,3,3,1,3,2,5,4,3,6,2,"Females",18
63090,5.2,3.8,4.0,3.4,1.8,5,6,6,4,5,5,5,4,2,3,3,2,5,6,4,1,2,2,2,2,6,1,3,5,2,"Males",16
66497,4.0,4.0,3.4,3.6,2.8,3,4,5,5,3,4,5,5,3,3,5,2,2,6,2,3,2,3,4,2,3,5,3,4,3,"Females",20
65635,5.0,2.8,3.6,4.0,2.2,1,6,6,6,6,4,4,2,2,2,1,2,5,5,5,1,1,4,4,1,6,1,6,6,1,"Males",21
62351,4.8,4.2,3.6,4.2,4.2,4,6,6,4,4,6,4,6,1,4,1,5,5,2,5,4,6,4,2,5,6,3,4,6,2,"Females",23
64511,4.8,4.0,4.4,4.2,3.6,1,6,5,6,6,6,6,6,1,1,5,4,3,5,5,5,3,2,4,4,5,2,4,5,5,"Females",39
63081,4.6,3.2,4.0,4.6,2.4,3,4,5,6,5,4,6,4,1,1,2,2,5,5,6,3,3,3,2,1,6,3,5,4,5,"Females",43
67516,3.6,4.0,3.0,3.4,4.2,2,5,4,4,3,3,5,4,4,4,3,6,1,2,3,3,3,5,6,4,3,1,5,5,3,"Females",25
67397,5.0,3.6,4.2,3.4,3.8,4,5,5,6,5,4,5,5,3,1,1,5,4,6,5,5,3,4,2,5,4,3,4,2,4,"Females",22
66512,4.8,4.0,3.8,4.4,2.0,2,6,5,6,5,6,6,6,1,1,1,1,5,6,6,2,5,1,1,1,6,2,6,5,3,"Females",25
67309,5.0,3.8,4.0,4.6,5.2,1,6,6,6,6,3,5,5,3,3,1,1,6,6,6,4,5,6,5,6,5,4,5,6,3,"Females",29
64866,2.8,3.6,3.0,4.0,2.6,1,5,2,4,2,6,4,5,1,2,5,6,1,1,2,2,1,2,4,4,6,2,5,6,1,"Males",54
65981,3.0,4.0,4.2,3.2,3.4,2,4,2,5,2,5,5,5,1,4,6,6,2,2,5,3,4,3,5,2,4,4,1,5,2,"Males",35
65973,4.2,3.4,3.6,3.8,2.0,1,5,5,5,5,5,5,4,1,2,3,1,4,5,5,2,2,2,1,3,5,3,5,5,1,"Females",34
61629,2.8,3.0,3.2,3.4,4.2,4,3,1,5,1,3,2,4,2,4,3,6,4,2,1,6,3,2,6,4,3,2,4,5,3,"Males",19
62650,4.0,3.8,4.0,3.4,3.0,2,5,1,6,6,6,6,5,1,1,2,1,6,5,6,2,4,2,2,5,6,1,5,4,1,"Females",50
65170,4.2,3.2,2.0,1.8,4.4,3,3,5,5,5,1,6,6,2,1,1,1,1,5,2,5,5,5,4,3,5,1,1,1,1,"Females",13
66403,2.6,4.2,2.8,4.2,4.8,1,4,4,2,2,4,3,4,4,6,4,5,2,1,2,5,5,5,5,4,5,3,5,6,2,"Females",19
64886,4.8,3.8,3.6,3.8,4.0,2,5,6,5,6,6,5,6,1,1,2,1,4,5,6,5,5,5,2,3,6,2,5,5,1,"Females",34
67490,4.0,4.8,3.8,3.0,4.2,3,5,3,5,4,6,5,5,5,3,4,4,1,5,5,3,4,3,5,6,4,1,4,5,1,"Females",37
64912,4.4,3.6,3.8,4.0,4.6,1,6,5,6,4,4,3,2,4,5,1,2,5,6,5,5,5,5,4,4,4,4,5,5,2,"Females",27
62797,5.0,2.6,4.0,4.2,1.2,1,6,6,6,6,3,4,1,1,4,1,1,6,6,6,1,1,2,1,1,5,6,3,4,3,"Females",23
66376,4.8,3.2,3.8,4.4,3.2,4,6,5,4,5,2,5,4,3,2,4,2,3,5,5,5,4,1,4,2,6,4,5,5,2,"Males",30
66499,2.2,4.0,3.6,3.6,3.2,2,2,2,4,1,5,5,5,2,3,4,5,3,2,4,3,5,2,2,4,6,2,3,6,1,"Males",19
62467,4.0,2.4,3.2,4.0,2.2,3,4,3,5,5,3,2,2,3,2,4,2,3,4,3,2,3,2,3,1,5,3,4,4,4,"Females",26
63083,4.4,3.4,4.2,4.0,4.2,2,5,5,6,4,3,4,4,3,3,4,4,4,4,5,4,5,4,4,4,4,5,4,4,3,"Females",15
64429,4.6,3.6,3.0,3.6,1.6,2,5,5,6,5,5,5,5,1,2,2,2,5,5,1,2,2,2,1,1,6,2,5,4,1,"Males",50
66657,5.2,4.2,3.8,4.4,1.6,2,6,6,6,6,5,6,6,3,1,1,1,6,6,5,1,1,2,2,2,6,4,4,6,2,"Females",33
67540,3.8,4.0,3.0,3.6,3.4,2,5,3,5,4,5,4,3,4,4,5,2,3,2,3,1,4,5,5,2,4,2,4,5,3,"Females",23
63038,3.4,4.0,4.4,3.8,2.8,1,5,4,2,5,5,5,4,2,4,5,2,5,5,5,2,1,5,5,1,6,1,5,6,1,"Females",44
66903,3.8,3.6,2.8,4.4,4.0,3,4,3,4,5,3,4,2,4,5,3,5,1,3,2,4,4,3,4,5,4,6,3,5,4,"Females",20
65515,4.0,4.2,3.6,3.8,4.8,2,4,4,6,4,5,6,4,1,5,2,4,4,5,3,4,5,5,5,5,4,2,5,6,2,"Females",36
63408,4.8,4.0,4.2,4.6,2.6,3,5,5,5,6,4,4,6,3,3,2,2,5,6,6,2,2,3,3,3,5,4,5,6,3,"Females",23
64579,2.0,3.4,3.8,3.6,5.4,4,1,1,1,3,3,4,1,4,5,6,6,4,1,2,6,6,5,5,5,6,2,1,6,3,"Females",20
66017,4.8,2.8,4.0,3.8,3.6,6,1,6,6,5,4,1,1,4,4,1,1,6,6,6,6,4,3,4,1,6,1,6,5,1,"Males",40
61725,4.2,4.0,3.6,3.8,5.4,4,3,5,6,3,5,6,2,5,2,3,5,2,6,2,6,5,5,5,6,2,5,2,6,4,"Females",25
66306,4.6,3.6,3.8,3.2,2.2,3,5,5,6,4,4,4,4,2,4,2,3,4,5,5,1,3,2,2,3,4,1,3,4,4,"Females",20
65680,5.0,3.6,3.8,4.0,4.0,2,6,6,6,5,5,4,5,2,2,1,2,5,6,5,4,4,4,4,4,6,1,4,6,3,"Males",21
67121,4.0,3.4,3.6,3.8,1.8,1,5,6,5,3,3,3,5,2,4,6,4,1,5,2,1,4,2,1,1,5,6,1,4,3,"Males",20
66122,4.8,4.0,4.0,4.6,2.8,2,6,5,5,6,5,5,6,2,2,2,2,5,5,6,2,3,2,2,5,5,5,5,6,2,"Females",34
66415,5.4,4.0,4.0,3.8,3.8,5,5,6,6,5,5,6,4,2,3,1,2,5,6,6,4,4,4,3,4,4,4,5,4,2,"Females",27
62722,3.2,4.2,3.6,4.0,5.0,1,5,4,1,5,5,4,5,2,5,6,6,3,1,2,4,4,6,6,5,5,2,5,6,2,"Males",24
64577,3.4,3.8,4.0,4.0,3.8,3,2,4,4,4,6,5,4,3,1,4,3,4,5,4,3,4,4,4,4,4,2,4,6,4,"Males",19
66373,4.6,3.8,3.6,4.4,3.8,2,5,5,6,5,5,6,2,3,3,4,2,6,4,2,3,3,5,6,2,6,3,6,6,1,"Males",22
66812,4.6,4.6,5.2,4.4,2.0,1,5,6,5,6,5,5,5,2,6,3,6,6,6,5,2,2,3,2,1,6,2,3,6,5,"Females",29
63851,3.4,4.4,4.2,4.0,3.6,3,4,5,1,4,5,5,6,2,4,5,5,3,3,5,5,5,4,2,2,6,1,5,6,2,"Females",31
65212,3.2,4.2,4.2,3.2,2.4,2,3,4,5,2,6,5,5,1,4,3,2,5,5,6,3,3,2,2,2,5,1,5,2,3,"Males",20
65022,3.8,3.4,3.0,4.4,2.0,4,4,4,4,3,4,4,4,3,2,3,4,1,2,5,2,2,2,2,2,4,3,5,6,4,"Females",19
65918,5.0,3.2,5.2,4.2,5.6,1,6,6,6,6,2,6,1,6,1,4,4,6,6,6,6,5,6,6,5,6,1,6,6,2,"Females",33
63732,3.4,2.6,4.0,3.6,2.8,1,4,4,4,4,2,3,4,2,2,5,4,4,4,3,2,2,3,5,2,5,3,3,5,2,"Females",37
61771,5.0,3.8,4.4,3.4,2.4,4,5,6,6,4,4,6,6,1,2,4,3,5,5,5,2,3,3,1,3,4,1,4,6,2,"Females",22
62423,4.4,4.2,4.0,3.6,3.6,2,6,5,6,3,5,6,5,2,3,3,2,5,5,5,3,5,5,1,4,4,2,4,6,2,"Females",53
66734,3.6,3.6,3.8,3.2,2.2,2,5,5,1,5,5,3,4,2,4,2,4,3,5,5,1,3,2,4,1,4,2,3,5,2,"Females",39
62983,4.6,3.4,4.2,3.8,3.8,1,5,5,6,6,5,3,4,2,3,3,5,4,5,4,4,5,3,2,5,4,2,5,6,2,"Females",34
65653,4.0,3.6,3.4,3.4,2.6,3,4,4,5,4,4,4,3,3,4,4,4,3,3,3,2,2,3,3,3,3,2,5,4,3,"Females",37
64299,4.2,4.0,4.0,4.0,3.2,2,4,5,4,6,5,5,6,2,2,3,4,4,5,4,1,3,4,4,4,5,4,4,5,2,"Males",18
62787,3.2,3.2,3.4,4.8,2.8,1,1,5,6,3,5,3,1,2,5,4,3,1,5,4,3,3,3,3,2,5,5,2,6,6,"Females",37
65180,4.8,3.4,4.4,4.0,3.4,1,5,6,6,6,6,6,3,1,1,3,1,6,6,6,3,5,5,3,1,5,2,6,6,1,"Females",24
63250,4.2,4.0,3.8,3.0,2.8,2,5,5,4,5,5,4,4,2,5,2,4,5,5,3,3,3,3,2,3,4,1,4,3,3,"Males",21
63115,4.6,4.8,4.0,4.6,2.4,2,5,5,6,5,5,5,5,5,4,6,4,3,5,2,2,2,2,3,3,6,2,4,6,5,"Males",23
67528,5.2,4.6,3.6,3.6,3.2,3,5,6,6,6,5,5,4,4,5,2,1,5,5,5,4,5,1,4,2,5,2,5,5,1,"Females",22
67295,4.8,3.8,4.2,3.4,2.0,2,6,5,5,6,6,6,5,1,1,2,1,6,6,6,2,2,3,2,1,6,1,5,4,1,"Males",46
63412,5.2,3.8,4.0,4.8,2.6,2,6,6,6,6,5,5,6,2,1,2,1,6,6,5,2,3,2,2,4,6,4,5,6,3,"Females",24
63146,4.0,2.8,3.8,3.8,2.2,1,6,6,6,1,4,2,2,2,4,1,1,6,5,6,2,2,2,3,2,6,1,6,5,1,"Females",45
65162,3.4,4.0,3.8,3.6,3.0,4,4,3,4,2,5,5,5,2,3,5,3,3,3,5,2,3,4,4,2,5,3,3,4,3,"Males",20
64626,4.2,4.2,3.6,3.6,1.8,1,6,5,4,5,5,5,4,3,4,3,2,3,5,5,2,2,2,1,2,5,2,4,5,2,"Females",26
67352,4.0,4.4,4.6,4.0,4.8,3,6,6,3,2,5,6,6,1,4,6,5,5,1,6,5,6,6,6,1,6,1,6,6,1,"Females",27
62496,4.4,3.4,2.6,3.6,3.2,3,5,5,6,3,5,2,4,1,5,1,1,3,3,5,5,5,2,2,2,6,1,6,4,1,"Females",39
66139,4.4,4.6,3.6,4.6,3.4,4,1,6,6,5,3,5,6,5,4,4,2,5,6,1,2,2,5,4,4,5,4,4,5,5,"Males",23
64031,5.4,4.2,5.0,4.0,1.8,6,5,4,6,6,6,6,5,3,1,4,4,5,6,6,3,1,2,1,2,5,5,4,3,3,"Males",19
64940,2.8,3.2,3.6,3.2,4.2,4,3,3,2,2,4,3,5,2,2,5,5,2,3,3,2,5,6,3,5,2,4,2,3,5,"Females",19
66570,4.0,4.4,3.8,4.2,3.6,4,4,4,4,4,4,5,4,4,5,2,4,5,4,4,3,5,3,3,4,4,5,4,5,3,"Males",36
62567,4.4,4.4,3.4,4.0,3.8,2,5,6,5,4,6,6,4,1,5,1,2,4,5,5,5,5,5,2,2,6,1,6,6,1,"Females",17
63112,3.6,3.2,4.2,3.2,1.4,2,4,4,3,5,3,2,3,4,4,4,2,5,5,5,1,1,2,2,1,4,1,3,6,2,"Males",30
64254,5.0,3.2,3.6,4.2,1.6,5,5,5,4,6,4,5,4,2,1,1,2,5,6,4,1,3,1,2,1,6,1,6,4,4,"Males",26
66273,4.8,4.6,3.8,4.0,4.0,1,6,6,6,5,6,5,6,2,4,1,2,5,5,6,4,4,4,4,4,5,3,5,5,2,"Females",34
62562,4.4,3.2,4.0,3.6,1.6,2,5,4,6,5,3,5,5,1,2,4,3,2,5,6,2,2,1,1,2,5,2,4,3,4,"Males",23
62942,4.6,3.8,4.8,2.8,3.8,1,5,5,6,6,5,6,4,2,2,5,4,5,5,5,4,4,2,5,4,4,1,3,4,2,"Females",24
64300,3.4,5.0,3.6,4.6,3.4,5,4,3,2,3,4,6,6,5,4,1,1,4,6,6,4,6,2,1,4,4,6,4,5,4,"Females",18
66522,4.6,3.8,3.4,4.4,3.2,3,5,4,6,5,5,5,4,2,3,1,1,4,6,5,3,3,5,2,3,5,4,5,5,3,"Females",19
65455,4.2,3.4,4.8,3.4,4.2,3,5,5,3,5,5,6,3,1,2,6,4,4,5,5,4,4,5,4,4,4,1,5,5,2,"Females",27
65185,4.2,3.4,3.6,2.8,1.2,1,5,6,5,4,5,5,5,1,1,4,2,4,3,5,1,1,1,1,2,4,2,2,2,4,"Females",45
64612,4.4,4.0,4.2,4.0,2.8,1,5,5,6,5,4,5,4,3,4,2,3,5,5,6,3,3,3,4,1,6,2,6,5,1,"Males",40
63516,5.2,5.0,4.6,3.6,3.0,2,6,6,6,6,6,6,6,2,5,4,3,5,6,5,3,3,2,4,3,6,1,5,5,1,"Females",38
63007,5.2,4.8,4.4,5.4,5.0,4,6,6,6,4,4,6,6,3,5,3,2,6,5,6,6,6,4,3,6,6,6,5,6,4,"Females",25
67143,5.0,3.8,3.6,4.2,4.4,2,6,6,6,5,4,5,5,1,4,1,2,5,4,6,5,5,3,4,5,6,1,6,6,2,"Females",18
62694,4.8,3.8,4.6,3.8,3.0,3,5,5,6,5,6,6,5,1,1,3,2,6,6,6,4,4,4,2,1,6,4,5,2,2,"Females",23
65900,4.2,3.6,3.6,3.0,4.0,3,3,5,6,4,3,4,3,4,4,3,3,4,4,4,4,4,4,4,4,4,1,4,3,3,"Females",21
62553,4.8,4.0,4.4,3.8,2.4,1,6,6,6,5,6,6,6,1,1,2,3,6,5,6,3,3,3,1,2,6,1,6,5,1,"Females",26
65583,4.2,4.2,4.0,4.4,1.0,1,5,5,6,4,6,6,6,2,1,2,2,5,6,5,1,1,1,1,1,6,5,5,5,1,"Males",38
62468,4.0,3.4,3.8,4.0,3.6,1,6,6,5,2,4,2,2,5,4,6,1,5,6,1,3,5,4,4,2,6,1,4,6,3,"Females",12
67401,4.2,3.6,4.2,3.4,3.0,1,5,5,6,4,6,5,5,1,1,3,2,5,5,6,2,4,3,4,2,5,1,5,4,2,"Females",40
65126,5.4,4.0,4.2,4.4,2.2,5,5,5,6,6,6,6,5,2,1,2,1,6,6,6,1,2,3,3,2,6,2,6,5,3,"Females",22
67031,3.4,4.0,5.0,3.6,3.6,2,4,3,4,4,5,5,5,2,3,4,5,6,5,5,3,3,4,4,4,5,2,5,5,1,"Females",34
65291,3.8,3.6,3.8,4.2,2.8,1,5,4,4,5,6,2,3,3,4,3,4,4,3,5,2,2,4,4,2,4,2,4,5,6,"Females",39
63485,3.2,3.8,3.6,4.8,5.2,2,4,3,4,3,2,3,5,4,5,5,5,1,3,4,5,5,5,6,5,5,2,5,6,6,"Females",20
64915,4.6,3.8,4.0,4.0,4.4,3,5,4,6,5,5,5,3,2,4,3,3,4,6,4,6,6,4,3,3,5,2,4,6,3,"Females",21
64727,3.8,4.8,3.6,4.6,5.6,3,4,4,4,4,4,5,5,5,5,4,3,3,4,4,6,6,5,5,6,4,5,5,5,4,"Females",23
64327,4.4,4.0,4.0,4.6,3.8,1,5,5,6,5,3,4,5,4,4,2,4,5,5,4,4,5,4,4,2,4,6,4,6,3,"Females",25
64969,5.6,4.6,5.2,3.8,4.0,6,5,5,6,6,5,6,6,5,1,3,6,5,6,6,5,1,4,5,5,5,1,5,6,2,"Females",19
67025,5.0,4.0,4.2,4.2,3.6,1,6,6,6,6,6,6,5,1,2,1,3,5,6,6,3,3,5,2,5,5,3,4,5,4,"Females",20
62434,4.8,3.6,4.4,3.4,2.6,1,5,6,6,6,6,5,5,1,1,2,4,5,6,5,2,3,2,2,4,5,1,4,5,2,"Females",31
62048,4.2,3.8,3.4,3.2,3.6,3,3,5,5,5,4,4,4,3,4,3,2,3,5,4,3,5,3,3,4,4,4,3,2,3,"Females",18
61723,4.2,5.2,4.2,4.6,2.8,1,5,6,5,4,6,6,6,6,2,4,4,4,3,6,1,1,1,6,5,5,6,3,6,3,"Females",26
63683,4.6,3.8,3.0,4.6,3.4,2,6,5,5,5,5,3,4,2,5,2,2,1,4,6,2,5,5,4,1,5,5,6,6,1,"Males",17
62128,4.8,4.4,3.2,4.0,3.0,1,6,6,6,5,4,3,4,5,6,2,2,4,5,3,1,2,4,4,4,4,3,5,5,3,"Males",19
66072,4.8,4.4,4.4,4.0,6.0,4,6,5,5,4,5,6,1,5,5,5,3,4,4,6,6,6,6,6,6,5,1,6,5,3,"Females",35
66364,5.0,3.0,3.0,4.0,1.0,1,6,6,6,6,1,1,5,2,6,1,1,1,6,6,1,1,1,1,1,6,1,6,6,1,"Females",45
65299,4.6,3.6,3.8,3.4,2.6,1,6,6,5,5,4,2,4,3,5,5,1,5,4,4,3,4,2,2,2,6,1,4,4,2,"Females",40
65230,4.2,3.6,3.4,4.6,3.4,5,4,5,2,5,5,5,5,2,1,1,2,4,5,5,4,4,5,2,2,5,3,5,6,4,"Females",18
62313,4.6,4.4,4.0,4.0,4.6,1,6,6,6,4,5,5,3,4,5,4,4,4,5,3,4,4,5,6,4,6,1,6,6,1,"Females",18
65083,3.8,4.6,4.4,4.0,2.2,1,5,4,5,4,6,5,6,2,4,5,5,2,5,5,3,3,2,2,1,4,4,4,6,2,"Females",55
63955,3.0,3.2,4.0,4.4,3.8,2,3,4,2,4,1,4,2,3,6,5,5,4,4,2,4,6,5,2,2,4,5,3,6,4,"Females",22
63309,3.6,3.6,3.8,4.8,2.0,1,5,1,5,6,3,5,5,4,1,1,4,4,5,5,2,5,1,1,1,6,1,6,6,5,"Females",37
63158,3.8,3.8,3.8,4.0,3.2,1,1,5,6,6,6,5,2,1,5,4,5,2,5,3,3,4,4,2,3,6,1,6,6,1,"Males",34
63227,3.2,3.6,3.6,3.6,4.2,2,4,5,2,3,4,4,4,2,4,1,5,4,4,4,4,4,4,5,4,4,3,4,4,3,"Females",17
65730,4.0,3.0,3.4,3.6,2.8,2,4,4,6,4,4,3,3,2,3,3,3,3,5,3,3,3,2,3,3,4,3,4,4,3,"Females",32
63233,4.2,3.6,3.6,3.6,3.4,1,5,5,6,4,5,5,3,2,3,5,4,2,2,5,5,2,4,2,4,5,2,5,5,1,"Females",24
65220,4.4,4.0,4.2,4.4,5.0,3,5,4,5,5,4,2,5,4,5,1,5,5,4,6,5,6,6,4,4,6,3,5,6,2,"Females",20
64018,4.0,4.2,3.8,3.4,2.4,1,4,6,6,3,6,5,6,2,2,4,5,2,3,5,2,3,2,4,1,3,2,6,5,1,"Females",50
62529,3.8,4.0,3.0,3.8,2.8,2,5,2,5,5,5,6,5,1,3,2,2,5,2,4,1,4,2,5,2,5,2,5,6,1,"Males",35
66653,3.6,4.4,3.6,3.4,3.6,3,4,5,1,5,5,4,5,2,6,5,4,1,5,3,4,5,1,2,6,4,2,3,4,4,"Males",20
65678,3.6,4.6,3.6,3.2,4.4,1,5,5,3,4,6,6,4,2,5,3,2,4,5,4,5,5,5,6,1,5,1,4,5,1,"Males",19
62344,4.6,4.2,3.8,4.2,2.4,1,6,5,6,5,5,6,4,2,4,1,1,5,6,6,2,2,4,2,2,4,5,6,5,1,"Females",17
65297,3.8,2.8,2.6,2.2,3.6,2,4,3,6,4,4,2,2,1,5,1,1,3,6,2,3,4,4,4,3,4,1,2,2,2,"Females",14
65937,4.8,3.8,5.0,4.4,1.6,1,6,6,5,6,6,5,6,1,1,5,5,4,5,6,1,1,1,4,1,6,5,5,5,1,"Females",53
67155,3.6,3.2,3.6,4.6,4.6,5,2,2,5,4,5,6,1,3,1,2,1,4,6,5,6,6,6,1,4,5,5,6,5,2,"Females",12
64877,3.2,4.0,3.4,4.2,3.6,2,4,4,4,2,6,6,5,1,2,2,1,4,5,5,2,3,5,6,2,6,4,4,6,1,"Females",20
66003,5.8,4.2,3.8,3.8,1.6,5,6,6,6,6,6,5,6,1,3,1,1,6,6,5,1,2,3,1,1,5,2,6,4,2,"Males",38
62494,2.0,3.6,4.0,3.8,3.6,1,2,1,4,2,6,5,5,1,1,6,6,4,1,3,2,5,1,5,5,6,1,5,6,1,"Females",26
65987,4.0,4.0,4.6,4.0,4.6,5,5,3,5,2,5,6,6,1,2,5,6,4,4,4,5,5,6,5,2,6,1,1,6,6,"Males",35
62968,4.0,3.4,3.8,4.0,3.4,4,4,4,6,2,2,4,4,3,4,5,4,2,4,4,2,3,4,5,3,4,2,5,5,4,"Females",38
67000,4.0,1.6,3.6,3.0,2.4,1,5,5,5,4,1,1,1,1,4,2,4,3,5,4,2,4,4,1,1,5,2,4,3,1,"Females",15
63470,5.6,4.6,4.0,5.2,4.2,4,6,6,6,6,6,6,6,4,1,1,3,6,5,5,1,4,5,5,6,5,5,5,6,5,"Females",31
62051,4.4,3.6,3.6,3.4,1.2,2,4,5,6,5,5,6,4,1,2,2,1,4,6,5,1,2,1,1,1,5,3,4,3,2,"Males",17
63414,4.8,5.0,2.6,4.0,5.8,4,6,4,6,4,5,5,4,5,6,1,1,2,5,4,5,6,6,6,6,1,6,2,5,6,"Females",21
66545,3.0,4.6,3.8,4.2,4.4,2,4,3,2,4,5,5,5,3,5,4,4,4,2,5,4,4,5,5,4,5,3,4,6,3,"Males",25
64685,4.6,4.0,3.2,4.0,1.6,1,5,5,6,6,6,6,6,1,1,1,1,2,6,6,1,2,2,2,1,6,1,6,5,2,"Females",27
65844,4.8,3.6,5.2,4.4,2.8,1,6,6,5,6,5,4,4,3,2,6,4,5,6,5,4,4,2,3,1,4,6,3,3,6,"Females",33
67403,2.0,3.6,3.4,2.6,3.0,3,2,1,2,2,2,2,4,5,5,2,4,4,2,5,3,3,3,3,3,3,1,4,4,1,"Females",22
67184,4.2,3.2,2.6,3.2,3.8,6,4,4,1,6,4,2,3,3,4,2,4,3,3,1,3,2,3,6,5,5,4,4,1,2,"Males",17
63862,2.0,3.4,2.8,5.0,1.0,5,2,1,1,1,2,5,2,3,5,4,6,1,2,1,1,1,1,1,1,6,2,5,6,6,"Males",18
64074,4.2,3.4,4.4,3.6,2.4,1,4,5,6,5,5,5,4,1,2,2,4,4,6,6,2,4,2,2,2,5,1,4,5,3,"Females",33
65586,4.6,3.6,4.6,3.8,3.2,2,5,6,6,4,5,6,5,1,1,5,1,5,6,6,3,4,3,2,4,5,2,5,5,2,"Females",33
62891,4.6,4.2,4.4,4.0,2.4,2,5,6,4,6,6,6,6,1,2,4,3,5,4,6,2,3,3,2,2,6,1,6,6,1,"Males",34
62370,4.4,4.0,4.2,3.4,3.4,1,6,6,4,5,4,5,2,3,6,3,4,4,6,4,2,4,4,2,5,5,1,4,5,2,"Females",20
61935,4.8,2.8,3.6,4.0,1.8,1,6,5,6,6,3,2,4,2,3,3,2,5,5,3,2,2,2,2,1,4,4,4,5,3,"Females",20
62481,4.0,3.8,3.4,3.4,3.0,3,4,4,5,4,5,5,6,1,2,3,3,2,4,5,4,4,4,2,1,5,3,2,3,4,"Males",27
62996,4.2,3.4,2.8,3.2,2.0,2,5,5,5,4,4,5,5,2,1,1,1,3,5,4,1,2,2,4,1,3,2,4,5,2,"Females",50
64661,3.6,3.4,3.6,3.8,1.0,2,4,4,4,4,5,5,4,1,2,4,4,4,2,4,1,1,1,1,1,6,1,5,6,1,"Males",67
65727,4.6,5.8,4.4,5.8,6.0,5,2,6,5,5,6,5,6,6,6,4,6,6,5,1,6,6,6,6,6,6,5,6,6,6,"Males",22
67346,4.4,4.0,3.8,3.4,2.8,2,5,5,5,5,3,6,3,2,6,3,6,4,3,3,1,2,3,3,5,3,2,4,6,2,"Females",23
62683,5.0,3.8,4.6,5.0,1.0,6,1,6,6,6,6,5,6,1,1,4,1,6,6,6,1,1,1,1,1,6,4,5,5,5,"Females",45
62401,4.2,3.2,3.6,3.4,2.4,1,5,5,6,4,5,5,4,1,1,3,3,3,4,5,2,2,2,2,4,5,1,5,5,1,"Females",23
66476,4.2,4.4,3.8,3.6,4.2,1,6,3,5,6,6,5,6,1,4,4,4,5,4,2,4,5,6,2,4,5,1,5,6,1,"Females",21
66108,3.4,3.4,3.0,3.2,4.4,1,5,6,1,4,4,1,5,2,5,1,4,1,5,4,3,4,4,6,5,2,3,4,4,3,"Females",33
66151,4.4,4.0,3.8,4.0,3.0,2,4,5,6,5,4,2,5,4,5,1,4,4,5,5,2,4,2,4,3,6,1,6,6,1,"Males",37
65401,4.4,3.6,2.8,2.8,3.8,2,4,5,6,5,3,2,5,3,5,4,1,5,3,1,2,5,6,4,2,2,3,5,2,2,"Females",25
63554,4.6,4.6,3.2,3.0,3.0,4,5,4,6,4,4,5,5,3,6,1,1,4,6,4,3,4,3,1,4,3,3,4,2,3,"Females",19
61974,4.0,3.4,3.4,3.6,3.2,1,6,6,2,5,5,3,2,3,4,2,2,3,5,5,2,4,2,3,5,4,2,4,6,2,"Females",19
66237,5.4,3.6,3.6,5.0,4.0,5,5,6,6,5,5,4,5,2,2,4,5,4,2,3,6,5,5,3,1,5,6,4,6,4,"Males",19
65475,4.0,3.8,5.2,4.0,2.2,4,4,4,4,4,5,6,2,2,4,6,4,6,6,4,1,1,2,4,3,6,1,6,6,1,"Males",23
67379,4.4,3.6,4.0,3.8,2.6,2,5,5,6,4,5,3,5,3,2,4,3,4,4,5,2,2,3,3,3,4,3,4,5,3,"Females",48
65296,4.6,4.6,5.0,3.8,2.2,2,5,5,6,5,5,5,5,4,4,6,5,5,5,4,1,4,1,4,1,2,4,5,3,5,"Females",41
64075,3.2,4.4,3.8,3.6,2.6,5,4,1,4,2,6,5,6,1,4,6,6,1,1,5,2,4,1,5,1,6,1,4,6,1,"Females",26
62336,3.0,3.8,1.8,3.8,4.0,1,5,4,3,2,6,5,2,1,5,2,2,1,2,2,4,4,5,5,2,4,3,4,5,3,"Females",36
65995,3.2,3.8,3.2,3.4,1.6,2,3,5,1,5,5,2,3,4,5,6,5,1,2,2,2,2,1,2,1,3,5,2,4,3,"Males",47
63744,4.2,3.8,3.8,3.6,2.8,2,5,5,4,5,3,5,4,2,5,2,3,4,5,5,4,4,2,3,1,5,1,5,5,2,"Males",30
65173,4.4,3.8,3.8,3.8,4.0,4,4,4,5,5,4,3,2,5,5,4,3,4,4,4,3,3,5,4,5,4,4,5,3,3,"Females",21
66712,3.6,4.4,3.8,3.8,4.8,2,4,5,3,4,5,5,5,4,3,2,5,5,2,5,4,5,5,5,5,6,1,5,6,1,"Females",44
65763,4.6,4.0,4.0,4.0,3.0,1,6,5,5,6,6,6,6,1,1,1,2,6,6,5,1,2,4,4,4,6,1,5,6,2,"Females",22
67431,4.4,4.0,4.8,4.0,5.4,4,4,5,5,4,4,5,5,2,4,5,5,5,3,6,5,5,5,6,6,6,1,5,6,2,"Females",16
67338,4.6,4.0,3.6,4.0,2.2,1,6,6,5,5,4,5,5,2,4,3,2,4,5,4,1,2,2,4,2,5,4,4,5,2,"Females",20
63881,4.6,4.8,3.2,3.0,1.8,5,5,5,2,6,5,4,5,5,5,4,5,1,2,4,2,4,1,1,1,5,1,4,3,2,"Males",16
63791,4.2,3.4,3.4,3.8,1.4,2,6,4,5,4,5,5,5,1,1,2,2,4,3,6,1,2,1,2,1,5,2,6,4,2,"Females",29
62874,5.0,3.8,4.0,3.0,1.2,1,6,6,6,6,5,6,6,1,1,1,1,6,6,6,1,1,1,1,2,5,2,3,4,1,"Females",54
62358,4.0,3.6,4.2,5.4,2.4,2,3,6,4,5,3,3,5,3,4,3,1,6,5,6,1,2,4,4,1,6,5,6,6,4,"Females",18
61857,4.4,3.2,3.8,3.6,1.4,1,6,6,5,4,5,3,5,1,2,2,4,4,5,4,1,1,1,2,2,4,2,4,6,2,"Females",19
62662,4.4,4.6,4.4,4.4,5.6,4,5,4,5,4,5,4,4,5,5,1,4,6,5,6,6,6,6,5,5,5,2,5,5,5,"Females",26
63194,4.0,4.0,3.4,3.6,3.0,4,6,4,2,4,4,4,4,4,4,4,2,3,5,3,4,5,2,2,2,5,1,4,5,3,"Males",17
63122,3.8,3.4,3.8,3.6,3.0,2,4,4,4,5,3,4,3,3,4,4,4,3,4,4,3,3,3,4,2,5,2,4,5,2,"Females",35
65084,3.6,4.2,4.2,3.6,3.0,1,4,4,3,6,5,4,4,4,4,3,6,2,5,5,3,5,2,2,3,2,4,5,6,1,"Females",39
65247,4.4,3.8,3.8,3.4,5.6,3,5,4,6,4,5,2,3,4,5,3,4,4,4,4,6,6,6,5,5,4,5,4,2,2,"Females",34
64111,4.2,4.2,4.8,4.4,2.2,1,5,5,6,4,5,5,5,3,3,6,4,5,4,5,3,3,2,1,2,6,4,5,5,2,"Males",27
64546,2.2,4.4,3.4,3.2,2.0,6,1,1,2,1,5,5,5,3,4,6,6,1,1,3,2,2,2,1,3,4,2,2,6,2,"Females",17
65926,4.6,3.2,3.4,3.2,1.6,4,4,4,6,5,6,5,3,1,1,5,1,1,4,6,1,1,1,1,4,6,1,6,1,2,"Females",35
61978,5.0,3.8,3.8,5.2,3.0,1,6,6,6,6,5,5,5,2,2,2,2,5,6,4,2,2,4,3,4,5,6,5,6,4,"Females",20
65863,3.8,4.2,3.6,4.4,4.4,4,4,4,6,1,5,5,5,4,2,4,3,4,5,2,5,6,4,4,3,4,6,3,5,4,"Males",26
66868,2.6,2.2,4.2,3.4,3.6,3,2,2,1,5,2,1,1,4,3,5,5,5,2,4,2,4,4,5,3,4,1,5,6,1,"Females",36
64583,4.8,2.6,3.6,3.6,2.2,1,6,6,6,5,2,3,3,1,4,3,2,4,6,3,1,3,1,2,4,5,2,5,5,1,"Females",27
66648,4.4,3.2,4.0,3.8,1.6,1,6,5,6,4,5,5,2,2,2,4,2,4,5,5,2,3,1,1,1,5,2,6,5,1,"Males",20
63871,4.6,4.0,4.0,4.6,2.2,1,6,6,5,5,6,6,6,1,1,4,5,5,1,5,3,5,1,1,1,6,2,5,5,5,"Females",52
63193,2.6,2.8,3.8,4.6,3.6,3,5,2,1,2,5,1,2,2,4,1,2,5,5,6,4,6,3,2,3,5,2,6,5,5,"Females",17
61891,4.2,5.2,4.6,3.8,2.2,2,4,5,5,5,5,5,4,6,6,5,5,5,5,3,1,2,2,4,2,5,2,5,6,1,"Males",22
66717,3.4,4.0,3.8,4.0,4.8,4,4,3,3,3,3,4,2,5,6,4,5,3,2,5,4,5,6,4,5,6,3,4,6,1,"Males",26
64954,4.4,4.6,3.8,3.4,5.2,1,6,6,3,6,6,5,5,2,5,2,2,5,5,5,5,6,5,5,5,4,2,4,6,1,"Females",33
66779,4.8,3.8,4.2,4.2,1.0,1,6,5,6,6,5,5,5,1,3,2,1,6,6,6,1,1,1,1,1,6,1,6,6,2,"Males",29
65925,3.4,4.6,3.4,3.8,6.0,2,5,2,6,2,6,6,6,2,3,5,6,2,1,3,6,6,6,6,6,6,1,5,6,1,"Females",23
62479,4.4,3.6,4.0,3.8,2.4,1,4,6,5,6,5,6,5,1,1,2,2,6,6,4,4,4,2,1,1,5,1,6,5,2,"Females",32
63455,5.2,4.6,4.8,5.2,4.8,4,6,5,5,6,5,6,6,2,4,5,4,4,5,6,5,5,4,6,4,6,5,5,5,5,"Females",27
65054,4.2,3.6,3.8,3.8,2.6,2,5,4,6,4,5,3,4,3,3,3,3,4,5,4,2,2,2,4,3,3,3,4,5,4,"Females",27
65311,5.0,3.0,4.0,4.0,1.0,1,6,6,6,6,6,1,6,1,1,1,1,6,6,6,1,1,1,1,1,6,1,1,6,6,"Females",38
61667,5.0,3.2,4.2,4.2,2.0,4,5,5,6,5,5,5,4,1,1,3,2,5,5,6,2,3,3,1,1,6,2,5,6,2,"Males",18
62272,3.8,4.0,4.0,5.4,2.4,3,4,4,4,4,6,6,5,1,2,2,2,5,5,6,2,2,2,2,4,5,6,6,6,4,"Females",28
61728,5.0,4.0,3.8,4.0,2.4,1,6,6,6,6,6,5,5,2,2,1,2,5,6,5,2,3,2,3,2,5,3,5,5,2,"Males",25
65080,2.8,3.8,4.0,3.0,3.0,3,4,2,4,1,6,6,5,1,1,6,6,1,2,5,2,4,2,2,5,4,2,2,6,1,"Females",22
62170,5.4,3.6,4.0,4.2,2.2,5,6,5,5,6,5,4,6,1,2,1,3,5,6,5,1,4,1,3,2,4,5,4,6,2,"Females",18
61762,2.6,3.4,3.4,4.0,2.2,4,3,2,2,2,4,2,2,4,5,4,3,4,2,4,1,2,1,5,2,6,1,6,6,1,"Males",21
65903,4.6,4.8,3.6,4.2,3.4,4,4,4,5,6,6,6,6,2,4,1,3,3,6,5,5,5,3,3,1,5,5,5,5,1,"Males",27
65818,5.0,3.6,3.8,4.2,2.6,3,5,5,6,6,4,6,6,1,1,1,1,5,6,6,4,3,2,3,1,6,1,4,6,4,"Males",39
62939,4.4,3.6,3.8,3.6,2.6,3,5,5,5,4,4,4,4,3,3,4,2,4,4,5,3,3,3,2,2,5,2,5,5,1,"Females",18
65711,4.6,4.4,4.0,3.0,2.4,3,4,5,6,5,6,5,5,3,3,2,4,4,5,5,1,1,5,3,2,5,1,3,5,1,"Males",23
64861,4.8,3.8,3.8,4.4,4.6,4,6,4,5,5,5,4,2,2,6,1,1,5,6,6,4,5,6,3,5,5,4,4,5,4,"Females",30
